USER_ID,FIRST_NAME,LAST_NAME
1,Name1,Surname1
2,Name2,Surname2
3,Name3,Surname3
4,Name4,Surname4
5,Name5,Surname5
6,Name6,Surname6
7,Name7,Surname7
8,Name8,Surname8
9,Name9,Surname9
10,Name10,Surname10
11,Name11,Surname11
12,Name12,Surname12
13,Name13,Surname13
14,Name14,Surname14
15,Name15,Surname15
16,Name16,Surname16
17,Name17,Surname17
18,Name18,Surname18
19,Name19,Surname19
20,Name20,Surname20
21,Name21,Surname21
22,Name22,Surname22
23,Name23,Surname23
24,Name24,Surname24
25,Name25,Surname25
26,Name26,Surname26
27,Name27,Surname27
28,Name28,Surname28
29,Name29,Surname29
30,Name30,Surname30
31,Name31,Surname31
32,Name32,Surname32
33,Name33,Surname33
34,Name34,Surname34
35,Name35,Surname35
36,Name36,Surname36
37,Name37,Surname37
38,Name38,Surname38
39,Name39,Surname39
40,Name40,Surname40
41,Name41,Surname41
42,Name42,Surname42
43,Name43,Surname43
44,Name44,Surname44
45,Name45,Surname45
46,Name46,Surname46
47,Name47,Surname47
48,Name48,Surname48
49,Name49,Surname49
50,Name50,Surname50
51,Name51,Surname51
52,Name52,Surname52
53,Name53,Surname53
54,Name54,Surname54
55,Name55,Surname55
56,Name56,Surname56
57,Name57,Surname57
58,Name58,Surname58
59,Name59,Surname59
60,Name60,Surname60
61,Name61,Surname61
62,Name62,Surname62
63,Name63,Surname63
64,Name64,Surname64
65,Name65,Surname65
66,Name66,Surname66
67,Name67,Surname67
68,Name68,Surname68
69,Name69,Surname69
70,Name70,Surname70
71,Name71,Surname71
72,Name72,Surname72
73,Name73,Surname73
74,Name74,Surname74
75,Name75,Surname75
76,Name76,Surname76
77,Name77,Surname77
78,Name78,Surname78
79,Name79,Surname79
80,Name80,Surname80
81,Name81,Surname81
82,Name82,Surname82
83,Name83,Surname83
84,Name84,Surname84
85,Name85,Surname85
86,Name86,Surname86
87,Name87,Surname87
88,Name88,Surname88
89,Name89,Surname89
90,Name90,Surname90
91,Name91,Surname91
92,Name92,Surname92
93,Name93,Surname93
94,Name94,Surname94
95,Name95,Surname95
96,Name96,Surname96
97,Name97,Surname97
98,Name98,Surname98
99,Name99,Surname99
100,Name100,Surname100
101,Name101,Surname101
102,Name102,Surname102
103,Name103,Surname103
104,Name104,Surname104
105,Name105,Surname105
106,Name106,Surname106
107,Name107,Surname107
108,Name108,Surname108
109,Name109,Surname109
110,Name110,Surname110
111,Name111,Surname111
112,Name112,Surname112
113,Name113,Surname113
114,Name114,Surname114
115,Name115,Surname115
116,Name116,Surname116
117,Name117,Surname117
118,Name118,Surname118
119,Name119,Surname119
120,Name120,Surname120
121,Name121,Surname121
122,Name122,Surname122
123,Name123,Surname123
124,Name124,Surname124
125,Name125,Surname125
126,Name126,Surname126
127,Name127,Surname127
128,Name128,Surname128
129,Name129,Surname129
130,Name130,Surname130
131,Name131,Surname131
132,Name132,Surname132
133,Name133,Surname133
134,Name134,Surname134
135,Name135,Surname135
136,Name136,Surname136
137,Name137,Surname137
138,Name138,Surname138
139,Name139,Surname139
140,Name140,Surname140
141,Name141,Surname141
142,Name142,Surname142
143,Name143,Surname143
144,Name144,Surname144
145,Name145,Surname145
146,Name146,Surname146
147,Name147,Surname147
148,Name148,Surname148
149,Name149,Surname149
150,Name150,Surname150
151,Name151,Surname151
152,Name152,Surname152
153,Name153,Surname153
154,Name154,Surname154
155,Name155,Surname155
156,Name156,Surname156
157,Name157,Surname157
158,Name158,Surname158
159,Name159,Surname159
160,Name160,Surname160
161,Name161,Surname161
162,Name162,Surname162
163,Name163,Surname163
164,Name164,Surname164
165,Name165,Surname165
166,Name166,Surname166
167,Name167,Surname167
168,Name168,Surname168
169,Name169,Surname169
170,Name170,Surname170
171,Name171,Surname171
172,Name172,Surname172
173,Name173,Surname173
174,Name174,Surname174
175,Name175,Surname175
176,Name176,Surname176
177,Name177,Surname177
178,Name178,Surname178
179,Name179,Surname179
180,Name180,Surname180
181,Name181,Surname181
182,Name182,Surname182
183,Name183,Surname183
184,Name184,Surname184
185,Name185,Surname185
186,Name186,Surname186
187,Name187,Surname187
188,Name188,Surname188
189,Name189,Surname189
190,Name190,Surname190
191,Name191,Surname191
192,Name192,Surname192
193,Name193,Surname193
194,Name194,Surname194
195,Name195,Surname195
196,Name196,Surname196
197,Name197,Surname197
198,Name198,Surname198
199,Name199,Surname199
200,Name200,Surname200
201,Name201,Surname201
202,Name202,Surname202
203,Name203,Surname203
204,Name204,Surname204
205,Name205,Surname205
206,Name206,Surname206
207,Name207,Surname207
208,Name208,Surname208
209,Name209,Surname209
210,Name210,Surname210
211,Name211,Surname211
212,Name212,Surname212
213,Name213,Surname213
214,Name214,Surname214
215,Name215,Surname215
216,Name216,Surname216
217,Name217,Surname217
218,Name218,Surname218
219,Name219,Surname219
220,Name220,Surname220
221,Name221,Surname221
222,Name222,Surname222
223,Name223,Surname223
224,Name224,Surname224
225,Name225,Surname225
226,Name226,Surname226
227,Name227,Surname227
228,Name228,Surname228
229,Name229,Surname229
230,Name230,Surname230
231,Name231,Surname231
232,Name232,Surname232
233,Name233,Surname233
234,Name234,Surname234
235,Name235,Surname235
236,Name236,Surname236
237,Name237,Surname237
238,Name238,Surname238
239,Name239,Surname239
240,Name240,Surname240
241,Name241,Surname241
242,Name242,Surname242
243,Name243,Surname243
244,Name244,Surname244
245,Name245,Surname245
246,Name246,Surname246
247,Name247,Surname247
248,Name248,Surname248
249,Name249,Surname249
250,Name250,Surname250
251,Name251,Surname251
252,Name252,Surname252
253,Name253,Surname253
254,Name254,Surname254
255,Name255,Surname255
256,Name256,Surname256
257,Name257,Surname257
258,Name258,Surname258
259,Name259,Surname259
260,Name260,Surname260
261,Name261,Surname261
262,Name262,Surname262
263,Name263,Surname263
264,Name264,Surname264
265,Name265,Surname265
266,Name266,Surname266
267,Name267,Surname267
268,Name268,Surname268
269,Name269,Surname269
270,Name270,Surname270
271,Name271,Surname271
272,Name272,Surname272
273,Name273,Surname273
274,Name274,Surname274
275,Name275,Surname275
276,Name276,Surname276
277,Name277,Surname277
278,Name278,Surname278
279,Name279,Surname279
280,Name280,Surname280
281,Name281,Surname281
282,Name282,Surname282
283,Name283,Surname283
284,Name284,Surname284
285,Name285,Surname285
286,Name286,Surname286
287,Name287,Surname287
288,Name288,Surname288
289,Name289,Surname289
290,Name290,Surname290
291,Name291,Surname291
292,Name292,Surname292
293,Name293,Surname293
294,Name294,Surname294
295,Name295,Surname295
296,Name296,Surname296
297,Name297,Surname297
298,Name298,Surname298
299,Name299,Surname299
300,Name300,Surname300
