USER_ID,MESSAGE_ID
204,1000
267,1001
153,1002
10,1003
234,1004
227,1005
197,1006
110,1007
6,1008
176,1009
238,1010
58,1011
219,1012
46,1013
183,1014
222,1015
290,1016
212,1017
149,1018
166,1019
79,1020
114,1021
250,1022
251,1023
105,1024
43,1025
282,1026
296,1027
158,1028
239,1029
18,1030
165,1031
34,1032
25,1033
216,1034
120,1035
8,1036
91,1037
47,1038
74,1039
94,1040
77,1041
287,1042
61,1043
78,1044
64,1045
235,1046
230,1047
112,1048
232,1049
